condition,method,endpoint,count,runs,rate,ci_low,ci_high,passed
default,V6,clean_alarm,9,500,0.018,0.008262954434763136,0.033893696108537985,True
default,V5,clean_alarm,10,500,0.02,0.009631429586433347,0.03647240829220971,True
proxy_noise_0,V6,clean_alarm,8,500,0.016,0.006932321202483601,0.03128200168985303,True
proxy_noise_0,V5,clean_alarm,6,500,0.012,0.004416172285801644,0.025934927265336985,True
proxy_noise_30,V6,clean_alarm,9,500,0.018,0.008262954434763136,0.033893696108537985,True
proxy_noise_30,V5,clean_alarm,7,500,0.014,0.005646761070324433,0.028631616183336032,True
proxy_noise_50,V6,clean_alarm,10,500,0.02,0.009631429586433347,0.03647240829220971,True
proxy_noise_50,V5,clean_alarm,7,500,0.014,0.005646761070324433,0.028631616183336032,True
n_audit_1000,V6,clean_alarm,8,500,0.016,0.006932321202483601,0.03128200168985303,True
n_audit_1000,V5,clean_alarm,8,500,0.016,0.006932321202483601,0.03128200168985303,True
n_audit_10000,V6,clean_alarm,10,500,0.02,0.009631429586433347,0.03647240829220971,True
n_audit_10000,V5,clean_alarm,9,500,0.018,0.008262954434763136,0.033893696108537985,True
trusted_833,V6,clean_alarm,15,500,0.03,0.016885984203873244,0.048998225708819,True
trusted_833,V5,clean_alarm,16,500,0.032,0.01839918532363991,0.051446768291645545,False
trusted_3333,V6,clean_alarm,11,500,0.022,0.011032276361257528,0.039022550844808816,True
trusted_3333,V5,clean_alarm,12,500,0.024,0.012461239059555667,0.041547618799686305,True
prevalence_10,V6,clean_alarm,8,500,0.016,0.006932321202483601,0.03128200168985303,True
prevalence_10,V5,clean_alarm,5,500,0.01,0.003254721407024253,0.023181388069659623,True
prevalence_50,V6,clean_alarm,5,500,0.01,0.003254721407024253,0.023181388069659623,True
prevalence_50,V5,clean_alarm,9,500,0.018,0.008262954434763136,0.033893696108537985,True
noise_cols_20,V6,clean_alarm,6,500,0.012,0.004416172285801644,0.025934927265336985,True
noise_cols_20,V5,clean_alarm,0,500,0.0,0.0,0.007350610051907784,True
nonlinear,V6,clean_alarm,11,500,0.022,0.011032276361257528,0.039022550844808816,True
nonlinear,V5,clean_alarm,10,500,0.02,0.009631429586433347,0.03647240829220971,True
missing_30,V6,clean_alarm,3,500,0.006,0.001239057543540751,0.01743367372591352,True
missing_30,V5,clean_alarm,5,500,0.01,0.003254721407024253,0.023181388069659623,True
correlated_nuisance,V6,clean_alarm,8,500,0.016,0.006932321202483601,0.03128200168985303,True
correlated_nuisance,V5,clean_alarm,11,500,0.022,0.011032276361257528,0.039022550844808816,True
shift_0.75,V6,clean_alarm,8,500,0.016,0.006932321202483601,0.03128200168985303,True
shift_0.75,V5,clean_alarm,13,500,0.026,0.013914930062859744,0.044050436856873786,True
shift_1.50,V6,clean_alarm,5,500,0.01,0.003254721407024253,0.023181388069659623,True
shift_1.50,V5,clean_alarm,10,500,0.02,0.009631429586433347,0.03647240829220971,True
shift_1.50_nonlinear,V6,clean_alarm,12,500,0.024,0.012461239059555667,0.041547618799686305,True
shift_1.50_nonlinear,V5,clean_alarm,115,500,0.23,0.19380196825952176,0.2694251668461727,False
shift_1.50_corr_nuisance,V6,clean_alarm,7,500,0.014,0.005646761070324433,0.028631616183336032,True
shift_1.50_corr_nuisance,V5,clean_alarm,15,500,0.03,0.016885984203873244,0.048998225708819,True
shift_1.50_noise_20,V6,clean_alarm,7,500,0.014,0.005646761070324433,0.028631616183336032,True
shift_1.50_noise_20,V5,clean_alarm,1,500,0.002,5.063433400741526e-05,0.011092476898968796,True
shift_1.50_prev_10,V6,clean_alarm,5,500,0.01,0.003254721407024253,0.023181388069659623,True
shift_1.50_prev_10,V5,clean_alarm,9,500,0.018,0.008262954434763136,0.033893696108537985,True
random_labels,V6,abstention,495,500,0.99,0.9768186119303404,0.9967452785929758,True
random_labels,V5,abstention,496,500,0.992,0.979644367406256,0.9978160918916578,True
