dataset,condition,strategy,model,reps,auc,eo_gap,dp_gap,group_pred_bias,auc_change,eo_gap_change,share_meeting_criteria
COMPAS,corrupt_10,Baseline (audit labels),Logistic regression,5,0.7259572253734321,0.4479136800729647,0.4407770286139123,0.047860327100741264,0.0,0.0,0.6
COMPAS,corrupt_10,Baseline (audit labels),Random forest,5,0.7252173858775671,0.3203227447161445,0.3306911648108376,0.02972747088121892,0.0,0.0,0.6
COMPAS,corrupt_10,Audit-guided reweighting,Logistic regression,5,0.726836082442434,0.41228982573974243,0.38140355606421417,0.013698344093060422,0.000878857069001926,-0.03562385433322227,0.6
COMPAS,corrupt_10,Audit-guided reweighting,Random forest,5,0.7253047679970941,0.31957399548427334,0.3092293494794675,0.0005671648419328324,8.738211952701303e-05,-0.000748749231871193,0.6
COMPAS,corrupt_10,Drop flagged block,Logistic regression,5,0.6824027456881374,0.4905610483629618,0.48837947477484256,0.03582970584716043,-0.04355447968529473,0.042647368289997066,0.6
COMPAS,corrupt_10,Drop flagged block,Random forest,5,0.6762135333651788,0.3678729466334865,0.37150728528102495,0.017675434202741026,-0.0490038525123883,0.04755020191734198,0.6
COMPAS,corrupt_10,Trusted reference only,Logistic regression,5,0.7277147586386569,0.23079630942279517,0.2241401171464447,-0.017197727785164773,0.0017575332652247423,-0.21711737065016962,0.6
COMPAS,corrupt_10,Trusted reference only,Random forest,5,0.7260967495049696,0.22822118519409745,0.24239668843376733,-0.020276403816021183,0.0008793636274025074,-0.0921015595220471,0.6
COMPAS,corrupt_10,Oracle (clean audit labels),Logistic regression,5,0.7293740832918734,0.3237461627618853,0.30424794005885814,-0.004288724010410061,0.003416857918441285,-0.12416751731107947,0.6
COMPAS,corrupt_10,Oracle (clean audit labels),Random forest,5,0.7279396948028696,0.2774114308795543,0.27696345364647196,-0.014413044412103625,0.0027223089253024524,-0.04291131383659023,0.6
COMPAS,corrupt_20,Baseline (audit labels),Logistic regression,39,0.7128001560935305,0.5561831035997127,0.5628934712908077,0.10055570408235329,0.0,0.0,0.8205128205128205
COMPAS,corrupt_20,Baseline (audit labels),Random forest,39,0.7169185171844877,0.38260331937035963,0.3974977048933235,0.07431339766842388,0.0,0.0,0.8461538461538461
COMPAS,corrupt_20,Audit-guided reweighting,Logistic regression,39,0.7226919090705513,0.3651595895123391,0.3337112425205421,0.010745630360253514,0.00989175297702069,-0.19102351408737364,0.8205128205128205
COMPAS,corrupt_20,Audit-guided reweighting,Random forest,39,0.7206705334922419,0.28736263048158417,0.2769378112584751,0.006611240895715986,0.0037520163077541815,-0.09524068888877545,0.8461538461538461
COMPAS,corrupt_20,Drop flagged block,Logistic regression,39,0.7231759905873578,0.315029227551285,0.3189949846234403,0.05019682193804272,0.010375834493827254,-0.2411538760484278,0.8205128205128205
COMPAS,corrupt_20,Drop flagged block,Random forest,39,0.7158383719803326,0.2513350821826774,0.26620906438878705,0.04402208056858212,-0.001080145204155114,-0.1312682371876822,0.8461538461538461
COMPAS,corrupt_20,Trusted reference only,Logistic regression,39,0.7245831100932378,0.26120231949894485,0.2379978458466819,-0.01156787499296665,0.011782953999707328,-0.2949807841007679,0.8205128205128205
COMPAS,corrupt_20,Trusted reference only,Random forest,39,0.7225496263497018,0.25256342508166457,0.2446060214760113,-0.016633908129438997,0.005631109165213995,-0.130039894288695,0.8461538461538461
COMPAS,corrupt_20,Oracle (clean audit labels),Logistic regression,39,0.7253736411109508,0.3507115033569201,0.3176619261750705,0.005671379261548526,0.01257348501742023,-0.2054716002427927,0.8205128205128205
COMPAS,corrupt_20,Oracle (clean audit labels),Random forest,39,0.7244209547846446,0.279791236087065,0.26593463198016565,-0.006372126566647994,0.007502437600156877,-0.1028120832832946,0.8461538461538461
COMPAS,corrupt_30,Baseline (audit labels),Logistic regression,122,0.7064118304445767,0.652002019398007,0.6500581620708563,0.14344574068240099,0.0,0.0,0.9754098360655737
COMPAS,corrupt_30,Baseline (audit labels),Random forest,122,0.7118271211431823,0.473987819752632,0.4807601432374804,0.1141257805114426,0.0,0.0,0.9836065573770492
COMPAS,corrupt_30,Audit-guided reweighting,Logistic regression,122,0.7228873991748969,0.3867813826572687,0.3552605721895302,0.016215847265955638,0.016475568730320203,-0.2652206367407382,0.9754098360655737
COMPAS,corrupt_30,Audit-guided reweighting,Random forest,122,0.7198768128277698,0.284337644060457,0.2840795199938819,0.015830675613151626,0.008049691684587544,-0.18965017569217504,0.9836065573770492
COMPAS,corrupt_30,Drop flagged block,Logistic regression,122,0.7268035505890833,0.25773164235027923,0.2753650657723772,0.06692578836572924,0.020391720144506662,-0.39427037704772766,0.9754098360655737
COMPAS,corrupt_30,Drop flagged block,Random forest,122,0.7160879547188782,0.22259186776427584,0.2434752616139263,0.06394739760225555,0.004260833575696007,-0.2513959519883561,0.9836065573770492
COMPAS,corrupt_30,Trusted reference only,Logistic regression,122,0.7239526561390216,0.29516519766210425,0.2688504818599097,-0.0013475671107149663,0.017540825694444914,-0.35683682173590264,0.9754098360655737
COMPAS,corrupt_30,Trusted reference only,Random forest,122,0.7216146064981448,0.2584367801964964,0.2501607683801362,-0.010400430345070742,0.009787485354962506,-0.21555103955613558,0.9836065573770492
COMPAS,corrupt_30,Oracle (clean audit labels),Logistic regression,122,0.7257203673902641,0.32434338468038487,0.29567012111151875,0.0020751876902671586,0.019308536945687526,-0.327658634717622,0.9754098360655737
COMPAS,corrupt_30,Oracle (clean audit labels),Random forest,122,0.7237279345856625,0.26620136352946716,0.2583985870483649,-0.007492040308661135,0.01190081344248024,-0.2077864562231648,0.9836065573770492
COMPAS,corrupt_30_shift_1.0,Baseline (audit labels),Logistic regression,119,0.7043722264525072,0.6742050219485523,0.672042267234135,0.138180648420714,0.0,0.0,1.0
COMPAS,corrupt_30_shift_1.0,Baseline (audit labels),Random forest,119,0.7104061487193507,0.4750385832008254,0.48522549887105204,0.10910131740831659,0.0,0.0,1.0
COMPAS,corrupt_30_shift_1.0,Audit-guided reweighting,Logistic regression,119,0.7221338192863412,0.3807783304082484,0.3381573944149704,0.004731834402293832,0.01776159283383397,-0.2934266915403038,1.0
COMPAS,corrupt_30_shift_1.0,Audit-guided reweighting,Random forest,119,0.7186296550361334,0.28954259561932855,0.28001097258562935,0.007056910788462764,0.00822350631678288,-0.18549598758149685,1.0
COMPAS,corrupt_30_shift_1.0,Drop flagged block,Logistic regression,119,0.7271006674376121,0.24182803879906598,0.26002580526974634,0.057646238716293326,0.02272844098510489,-0.4323769831494862,1.0
COMPAS,corrupt_30_shift_1.0,Drop flagged block,Random forest,119,0.7155872737433208,0.20944412026715348,0.23240404087326366,0.058839014499405685,0.00518112502397012,-0.26559446293367195,1.0
COMPAS,corrupt_30_shift_1.0,Trusted reference only,Logistic regression,119,0.7240154817802179,0.28568302561072767,0.25771507831991086,-0.0084696997404762,0.019643255327710676,-0.3885219963378245,1.0
COMPAS,corrupt_30_shift_1.0,Trusted reference only,Random forest,119,0.7220599550863658,0.2571026021377421,0.24552045891878094,-0.0158054821253774,0.011653806367015147,-0.21793598106308334,1.0
COMPAS,corrupt_30_shift_1.0,Oracle (clean audit labels),Logistic regression,119,0.7248669985985606,0.30956262736690976,0.2764175693032759,-0.007493294998885732,0.020494772146053386,-0.3646423945816425,1.0
COMPAS,corrupt_30_shift_1.0,Oracle (clean audit labels),Random forest,119,0.7227259169009671,0.2770532033868755,0.26260894734411194,-0.012528302052999719,0.012319768181616557,-0.19798537981394992,1.0
German Credit,corrupt_30,Baseline (audit labels),Logistic regression,15,0.7553181425112946,0.47069618450825795,0.41578786490758923,0.2166076765884685,0.0,0.0,0.8666666666666667
German Credit,corrupt_30,Baseline (audit labels),Random forest,15,0.7367960585135293,0.5576780517037064,0.4327693149403687,0.15296113564874045,0.0,0.0,0.9333333333333333
German Credit,corrupt_30,Audit-guided reweighting,Logistic regression,15,0.7629795429612114,0.3061382381041521,0.23233328318245924,0.07459507676932332,0.007661400449916781,-0.16455794640410593,0.8666666666666667
German Credit,corrupt_30,Audit-guided reweighting,Random forest,15,0.7558176357300954,0.24607181531019948,0.15837306131715018,0.04240674487702376,0.019021577216566308,-0.311606236393507,0.9333333333333333
German Credit,corrupt_30,Drop flagged block,Logistic regression,15,0.757298272580148,0.342168036966426,0.2766249657578766,0.14363638376026594,0.001980130068853477,-0.12852814754183198,0.8666666666666667
German Credit,corrupt_30,Drop flagged block,Random forest,15,0.7463193153116223,0.3830691493055143,0.29452669856939984,0.11316288423556638,0.009523256798093212,-0.17460890239819218,0.9333333333333333
German Credit,corrupt_30,Trusted reference only,Logistic regression,15,0.7540087662372877,0.15086307866604845,0.07730952205987683,-0.05126931566360066,-0.0013093762740068757,-0.31983310584220953,0.8666666666666667
German Credit,corrupt_30,Trusted reference only,Random forest,15,0.7531806764821362,0.054017277370188944,0.02368797260395025,-0.055859965840444725,0.016384617968606893,-0.5036607743335175,0.9333333333333333
German Credit,corrupt_30,Oracle (clean audit labels),Logistic regression,15,0.780703897594963,0.18051845819567056,0.11881990809733307,0.017171831833534507,0.02538575508366838,-0.2901777263125874,0.8666666666666667
German Credit,corrupt_30,Oracle (clean audit labels),Random forest,15,0.7761678038896994,0.10457101105889377,0.0661484005602597,-0.0018928308628365586,0.039371745376170275,-0.45310704064481266,0.9333333333333333
German Credit,corrupt_50,Baseline (audit labels),Logistic regression,72,0.7175271856045592,0.6295739063536154,0.604046575821434,0.32322109010325306,0.0,0.0,1.0
German Credit,corrupt_50,Baseline (audit labels),Random forest,72,0.7001088981542241,0.7324909987393804,0.677628632047989,0.21860477001126816,0.0,0.0,1.0
German Credit,corrupt_50,Audit-guided reweighting,Logistic regression,72,0.746502759898366,0.27070571479427796,0.21117856079931552,0.09146908903356467,0.02897557429380688,-0.3588681915593374,1.0
German Credit,corrupt_50,Audit-guided reweighting,Random forest,72,0.7500477182874592,0.16374855207465056,0.10006279437838894,0.047379774010749644,0.049938820133235126,-0.5687424466647298,1.0
German Credit,corrupt_50,Drop flagged block,Logistic regression,72,0.7351387021606023,0.1545523648110448,0.107453281039481,0.09930784526385271,0.01761151655604315,-0.4750215415425706,1.0
German Credit,corrupt_50,Drop flagged block,Random forest,72,0.7420876464459775,0.17757993776688058,0.13306632881985272,0.0868156052296348,0.04197874829175344,-0.5549110609724999,1.0
German Credit,corrupt_50,Trusted reference only,Logistic regression,72,0.7481651941523231,0.1290786287454218,0.07794738582299819,-0.01383245914949715,0.03063800854776387,-0.5004952776081937,1.0
German Credit,corrupt_50,Trusted reference only,Random forest,72,0.7496758324567296,0.07573077044291707,0.03419596979732882,-0.025764429458649627,0.049566934302505646,-0.6567602282964633,1.0
German Credit,corrupt_50,Oracle (clean audit labels),Logistic regression,72,0.7668822914776113,0.17220843428943214,0.11779623358949738,0.009251942878929617,0.04935510587305223,-0.45736547206418326,1.0
German Credit,corrupt_50,Oracle (clean audit labels),Random forest,72,0.765490840712314,0.09488655746001055,0.04282783111496788,-0.021702371786184303,0.06538194255808995,-0.6376044412793698,1.0
