condition,method,endpoint,count,runs,rate,ci_low,ci_high,passed,off_target_rate
c10_noise0,V6,target_recall,15,500,0.03,0.016885984203873244,0.048998225708819,False,0.016
c10_noise0,V5,target_recall,25,500,0.05,0.03261518014933006,0.07292762165047899,False,0.018
c10_noise10,V6,target_recall,17,500,0.034,0.01992860004620631,0.05388035073607687,False,0.01
c10_noise10,V5,target_recall,18,500,0.036,0.021472856586093297,0.05630017620179104,False,0.01
c10_noise30,V6,target_recall,27,500,0.054,0.03588425972193367,0.07759746849493718,False,0.022
c10_noise30,V5,target_recall,21,500,0.042,0.02618357677614715,0.06348694053291894,False,0.014
c20_noise0,V6,target_recall,213,500,0.426,0.3822058132321431,0.47067423264664326,False,0.026
c20_noise0,V5,target_recall,235,500,0.47,0.42554247267474354,0.5148142077399871,False,0.018
c20_noise10,V6,target_recall,216,500,0.432,0.3880950490657598,0.476713601223309,False,0.024
c20_noise10,V5,target_recall,201,500,0.402,0.35871422985182644,0.4464515235679848,False,0.024
c20_noise30,V6,target_recall,234,500,0.468,0.4235651987190588,0.5128152630977745,False,0.044
c20_noise30,V5,target_recall,182,500,0.364,0.32173892611037225,0.40787974836336366,False,0.044
c30_noise0,V6,target_recall,440,500,0.88,0.8482475022158597,0.9071659902667654,True,0.04
c30_noise0,V5,target_recall,451,500,0.902,0.8725114573141096,0.9266174143922596,True,0.036
c30_noise10,V6,target_recall,456,500,0.912,0.8836648293368345,0.9353315424589416,True,0.036
c30_noise10,V5,target_recall,443,500,0.886,0.8548315334010386,0.9125050971200303,True,0.026
c30_noise30,V6,target_recall,458,500,0.916,0.8881516987545879,0.9387909413916523,True,0.1
c30_noise30,V5,target_recall,440,500,0.88,0.8482475022158597,0.9071659902667654,True,0.078
c40_noise0,V6,target_recall,498,500,0.996,0.9856259214377997,0.99951521382371,True,0.048
c40_noise0,V5,target_recall,499,500,0.998,0.9889075231010312,0.9999493656659926,True,0.04
c40_noise10,V6,target_recall,498,500,0.996,0.9856259214377997,0.99951521382371,True,0.058
c40_noise10,V5,target_recall,499,500,0.998,0.9889075231010312,0.9999493656659926,True,0.034
c40_noise30,V6,target_recall,499,500,0.998,0.9889075231010312,0.9999493656659926,True,0.246
c40_noise30,V5,target_recall,499,500,0.998,0.9889075231010312,0.9999493656659926,True,0.172
c30_shift150,V6,target_recall,408,500,0.816,0.7792009294353417,0.8490112554192721,True,0.032
c30_shift150,V5,target_recall,467,500,0.934,0.9085571013891338,0.9541366428894122,True,0.038
c30_n10000,V6,target_recall,500,500,1.0,0.9926493899480923,1.0,True,0.05
c30_n10000,V5,target_recall,500,500,1.0,0.9926493899480923,1.0,True,0.036
c20_n10000,V6,target_recall,419,500,0.838,0.8027236639142744,0.8692172546862147,True,0.034
c20_n10000,V5,target_recall,406,500,0.812,0.7749441736423816,0.8453170755343652,True,0.03
