dataset,condition,method,endpoint,count,runs,rate,ci_low,ci_high,passed,off_target_rate
COMPAS,clean,V6,clean_alarm,5,200,0.025,0.008166166190842514,0.057374351126845816,False,
COMPAS,clean,V5,clean_alarm,1,200,0.005,0.00012658102786701836,0.027541898457205637,True,
COMPAS,shift_age_1.0,V6,clean_alarm,1,200,0.005,0.00012658102786701836,0.027541898457205637,True,
COMPAS,shift_age_1.0,V5,clean_alarm,2,200,0.01,0.001213349013736031,0.03565466839723975,True,
COMPAS,shift_age_1.5,V6,clean_alarm,4,200,0.02,0.00547556587955645,0.05041360908989634,False,
COMPAS,shift_age_1.5,V5,clean_alarm,1,200,0.005,0.00012658102786701836,0.027541898457205637,True,
COMPAS,corrupt_10,V6,target_recall,1,200,0.005,0.00012658102786701836,0.027541898457205637,False,0.02
COMPAS,corrupt_10,V5,target_recall,0,200,0.0,0.0,0.018275340355136237,False,0.01
COMPAS,corrupt_20,V6,target_recall,32,200,0.16,0.11208749764580184,0.21829901535134077,False,0.05
COMPAS,corrupt_20,V5,target_recall,0,200,0.0,0.0,0.018275340355136237,False,0.005
COMPAS,corrupt_30,V6,target_recall,119,200,0.595,0.5234750247167229,0.6636651699453826,False,0.045
COMPAS,corrupt_30,V5,target_recall,1,200,0.005,0.00012658102786701836,0.027541898457205637,False,0.015
COMPAS,corrupt_30_shift_1.0,V6,target_recall,119,200,0.595,0.5234750247167229,0.6636651699453826,False,0.03
COMPAS,corrupt_30_shift_1.0,V5,target_recall,0,200,0.0,0.0,0.018275340355136237,False,0.005
German Credit,clean,V6,clean_alarm,1,200,0.005,0.00012658102786701836,0.027541898457205637,True,
German Credit,clean,V5,clean_alarm,0,200,0.0,0.0,0.018275340355136237,True,
German Credit,shift_age_1.0,V6,clean_alarm,2,200,0.01,0.001213349013736031,0.03565466839723975,True,
German Credit,shift_age_1.0,V5,clean_alarm,0,200,0.0,0.0,0.018275340355136237,True,
German Credit,corrupt_30,V6,target_recall,8,200,0.04,0.017424808994480605,0.07729196822601608,False,0.04
German Credit,corrupt_30,V5,target_recall,0,200,0.0,0.0,0.018275340355136237,False,0.0
German Credit,corrupt_50,V6,target_recall,71,200,0.355,0.28878377771358443,0.4255861669265795,False,0.01
German Credit,corrupt_50,V5,target_recall,0,200,0.0,0.0,0.018275340355136237,False,0.0
