dataset,condition,method,alarms,runs,rate,ci_low,ci_high,passed,v5_only,v6_only,p_mcnemar
COMPAS,clean,V6,21,1000,0.021,0.013045192290387685,0.031922335180415505,True,4,16,0.01181793212890625
COMPAS,clean,V5,9,1000,0.009,0.004123395660342474,0.017015783069894617,True,4,16,0.01181793212890625
COMPAS,shift_age_1.0,V6,18,1000,0.018,0.010701947929414705,0.028299041249019146,True,3,13,0.021270751953125
COMPAS,shift_age_1.0,V5,8,1000,0.008,0.003459976165329311,0.015702049176074654,True,3,13,0.021270751953125
COMPAS,shift_age_1.5,V6,17,1000,0.017,0.009933512592716538,0.027079496864851435,True,9,14,0.4048728942871094
COMPAS,shift_age_1.5,V5,12,1000,0.012,0.0062155255595952455,0.020867679591036435,True,9,14,0.4048728942871094
German Credit,clean,V6,6,1000,0.006,0.0022049824851513773,0.013013423270974454,True,1,6,0.125
German Credit,clean,V5,1,1000,0.001,2.531748749129407e-05,0.005558924279826698,True,1,6,0.125
German Credit,shift_age_1.0,V6,4,1000,0.004,0.0010909079877259717,0.010209664683929856,True,0,4,0.125
German Credit,shift_age_1.0,V5,0,1000,0.0,0.0,0.003682083896865671,True,0,4,0.125
